id;first_name;last_name;gender;email;phone;address_line_1;address_line_2;city;country
1;Chelsey;Wyman;OTHER;"z*@7.=>hG<Z";014-991-5975 x53760;Tennessee relationships Ball;full-range;Parkerfort;Uzbekistan
2;Cierra;Waelchi;OTHER;"`q@=*.i*'X(";476-928-3238 x5860;digital Ford Licensed;Kids;Ceasarchester;Cuba
3;Lera;Waters;MALE;"\o^@0]tMY.VUiL+b";830-122-7708 x1515;Central African Republic Georgia;Robust ivory Ports;Port Darienbury;South Georgia and the South Sandwich Islands
4;Rey;Morar;OTHER;"5'-II@>'5Gy`.L";1-488-295-4126 x80618;high-level fuchsia;International;East Alec;Colombia
5;Doris;Russel;OTHER;"}P@bsn[.6S8ozW";(664) 998-6618 x754;withdrawal Cambridgeshire Brand;RAM;Turnermouth;Cocos (Keeling) Islands
6;Gus;Robel;OTHER;"koKf@foj2U.|*:Hg%";(780) 113-7757 x54467;fuchsia;Fantastic invoice;Morarview;Estonia
7;Doug;Pfeffer;OTHER;"/mKM@'.$ZzkOi";249-245-7242 x5874;payment Parkway array;Washington;West Arlene;Sweden
8;Corine;Hoppe;FEMALE;"[-)9@lwrwoz.(FSQ9";519.255.4790 x7049;Netherlands Antillian Guilder Avon Awesome;Upgradable Health Assistant;Lake Alexa;Japan
9;Emie;Abernathy;FEMALE;"8@P5\u`I.KnV";1-757-965-1677 x985;Frozen embrace sexy;silver;Morarstad;Armenia
10;Marcelo;Christiansen;OTHER;"o@${+.sbLE+";(366) 458-9094 x23381;Quetzal Paraguay;New Hampshire Unions;Lake Brauliofurt;Comoros
